{"data":{"packages":{"365b20e8f6c343df1eff65214a0e3e74":[{"content":{"byteintl.com":[{"pattern":"^https?:\\/\\/ug-gppg-sg\\.byteintl\\.com\\/pipo_fe\\/","group":"public","included_methods":["userInfo","appInfo","popTuringVerifyView","popGesture","openBrowser","openSchema","close","dpDisableGestureClose"],"excluded_methods":[]},{"pattern":"^https?:\\/\\/ug-gppg-va\\.byteintl\\.com\\/pipo_fe\\/","group":"public","included_methods":["userInfo","popTuringVerifyView","appInfo","popGesture","openBrowser","openSchema","close","dpDisableGestureClose"],"excluded_methods":[]}],"byteoversea.com":[{"pattern":"^https?:\\/\\/([0-9A-Za-z_\\-]+\\.)?byteoversea\\.com\\/ee\\/sce","group":"private","included_methods":[],"excluded_methods":[]},{"pattern":"^https?:\\/\\/([0-9A-Za-z_\\-]+\\.)?byteoversea\\.com\\/view","group":"private","included_methods":[],"excluded_methods":[]},{"pattern":"^https?:\\/\\/any\\.byteoversea\\.com\\/","group":"private","included_methods":[],"excluded_methods":[]},{"pattern":"^https?:\\/\\/wj\\.byteoversea\\.com\\/q","group":"public","included_methods":["apiParam","userInfo"],"excluded_methods":[]}],"capcut.net":[{"pattern":"^https?:\\/\\/([0-9A-Za-z_\\-]+\\.)?capcut\\.net\\/","group":"private","included_methods":[],"excluded_methods":[]}],"faceueditor.com":[{"pattern":"^https?:\\/\\/([0-9A-Za-z_\\-]+\\.)?faceueditor\\.com\\/","group":"private","included_methods":[],"excluded_methods":[]}],"g-p-static.com":[{"pattern":"^https?:\\/\\/lf-geckocdn\\.g-p-static\\.com\\/obj\\/gecko-internal-sg","group":"private","included_methods":[],"excluded_methods":[]},{"pattern":"^https?:\\/\\/lf-geckocdn\\.g-p-static\\.com\\/obj\\/gecko-internal-loose-sg","group":"private","included_methods":[],"excluded_methods":[]},{"pattern":"^https?:\\/\\/lf-geckocdn\\.g-p-static\\.com\\/obj\\/byte-gurd-source-sg","group":"private","included_methods":[],"excluded_methods":[]},{"pattern":"^https?:\\/\\/lf-geckocdn\\.g-p-static\\.com\\/obj\\/tiktok-teko-internal-loose-sg\\/","group":"private","included_methods":[],"excluded_methods":[]},{"pattern":"^https?:\\/\\/lf-geckocdn\\.g-p-static\\.com\\/obj\\/tiktok-teko-source-sg\\/","group":"private","included_methods":[],"excluded_methods":[]},{"pattern":"^https?:\\/\\/lf-geckocdn\\.g-p-static\\.com\\/obj\\/tiktok-teko-internal-sg\\/","group":"private","included_methods":[],"excluded_methods":[]}],"ibytedtos.com":[{"pattern":"^https?:\\/\\/sf16-scmcdn-sg\\.ibytedtos\\.com\\/goofy\\/clueapp","group":"private","included_methods":[],"excluded_methods":[]},{"pattern":"^https?:\\/\\/([0-9A-Za-z_\\-]+\\.)?sf16-scmcdn-va\\.ibytedtos\\.com\\/goofy\\/adstyle_app_card_i18n","group":"private","included_methods":[],"excluded_methods":[]},{"pattern":"^https?:\\/\\/([0-9A-Za-z_\\-]+\\.)?sf16-muse-va\\.ibytedtos\\.com\\/obj\\/union-fe-i18n\\/playable","group":"private","included_methods":[],"excluded_methods":[]},{"pattern":"^https?:\\/\\/([0-9A-Za-z_\\-]+\\.)?sf-tk-sg\\.ibytedtos\\.com\\/obj\\/union-fe-sg\\/playable","group":"public","included_methods":["adInfo","appInfo","openSchema","openBrowser","getWebViewInfo","preload_app_ad","subscribe_app_ad","download_app_ad","openLightLandingPage","open_app_store","openLiveRoom","openAdLandPageLinks","download_click","popGesture"],"excluded_methods":[]},{"pattern":"^https?:\\/\\/sf16-scmcdn-sg\\.ibytedtos\\.com\\/goofy\\/adstyle_app_card_i18n","group":"private","included_methods":[],"excluded_methods":[]},{"pattern":"^https?:\\/\\/sf16-scmcdn-sg\\.ibytedtos\\.com\\/goofy\\/styleac_i18n","group":"private","included_methods":[],"excluded_methods":[]},{"pattern":"^https?:\\/\\/sf16-scmcdn-sg\\.ibytedtos\\.com\\/goofy\\/htc_mpage","group":"private","included_methods":[],"excluded_methods":[]},{"pattern":"^https?:\\/\\/sf16-scmcdn-sg\\.ibytedtos\\.com\\/goofy\\/ies\\/grace","group":"private","included_methods":[],"excluded_methods":[]},{"pattern":"^https?:\\/\\/sf16-scmcdn-va\\.ibytedtos\\.com\\/goofy\\/htc_mpage","group":"private","included_methods":[],"excluded_methods":[]},{"pattern":"^https?:\\/\\/sf16-scmcdn-sg\\.ibytedtos\\.com\\/goofy\\/dj\\/h5","group":"private","included_methods":[],"excluded_methods":[]},{"pattern":"^https?:\\/\\/sf16-scmcdn-va\\.ibytedtos\\.com\\/goofy\\/dj\\/h5","group":"private","included_methods":[],"excluded_methods":[]},{"pattern":"^https?:\\/\\/sf16-scmcdn-sg\\.ibytedtos\\.com\\/goofy\\/ies\\/resource","group":"private","included_methods":[],"excluded_methods":[]},{"pattern":"^https?:\\/\\/sf16-scmcdn-va\\.ibytedtos\\.com\\/goofy\\/ies\\/resource","group":"private","included_methods":[],"excluded_methods":[]},{"pattern":"^https?:\\/\\/sf16-scmcdn-sg\\.ibytedtos\\.com\\/obj\\/static-sg\\/promotion_activities","group":"public","included_methods":["x.open","x.getSettings","x.reportAppLog"],"excluded_methods":[]},{"pattern":"^https?:\\/\\/sf16-scmcdn-va\\.ibytedtos\\.com\\/obj\\/static-us\\/promotion_activities","group":"public","included_methods":["x.open","x.reportAppLog","x.getSettings"],"excluded_methods":[]},{"pattern":"^https?:\\/\\/sf16-scmcdn-va\\.ibytedtos\\.com\\/obj\\/static-us\\/promotion_activities\\/new-year\\/index\\.html","group":"private","included_methods":[],"excluded_methods":[]},{"pattern":"^https?:\\/\\/sf16-scmcdn-sg\\.ibytedtos\\.com\\/obj\\/static-sg\\/promotion_activities\\/new-year\\/index\\.html","group":"private","included_methods":[],"excluded_methods":[]},{"pattern":"^https?:\\/\\/sf16-scmcdn-sg\\.ibytedtos\\.com\\/obj\\/static-sg\\/bytemall\\/tts\\/h5\\/inner\\/index\\.html","group":"private","included_methods":[],"excluded_methods":[]}],"immers.page":[{"pattern":"^https?:\\/\\/va\\.immers\\.page\\/","group":"private","included_methods":["openHybrid"],"excluded_methods":[]},{"pattern":"^https?:\\/\\/sg\\.immers\\.page\\/","group":"private","included_methods":["openHybrid"],"excluded_methods":[]}],"isnssdk.com":[{"pattern":"^https?:\\/\\/([0-9A-Za-z_\\-]+\\.)?f-p-va\\.isnssdk\\.com\\/","group":"private","included_methods":[],"excluded_methods":[]},{"pattern":"^https?:\\/\\/([0-9A-Za-z_\\-]+\\.)?isnssdk\\.com\\/","group":"private","included_methods":[],"excluded_methods":[]},{"pattern":"^https?:\\/\\/survey\\.isnssdk\\.com\\/q","group":"public","included_methods":["userInfo","apiParam"],"excluded_methods":[]},{"pattern":"^https?:\\/\\/f-p-va\\.isnssdk\\.com\\/pipo_fe","group":"private","included_methods":[],"excluded_methods":[]}],"oecstatic.com":[{"pattern":"^https?:\\/\\/lf16-csp\\.oecstatic\\.com\\/obj\\/csp-oec-us\\/ies\\/fe_csp_contact_platform\\/","group":"private","included_methods":[],"excluded_methods":[]},{"pattern":"^https?:\\/\\/lf16-csp\\.oecstatic\\.com\\/obj\\/csp-oec-us\\/ies\\/im-page-mobile","group":"private","included_methods":[],"excluded_methods":[]},{"pattern":"^https?:\\/\\/lf16-csp\\.oecstatic\\.com\\/obj\\/csp-oec-sg\\/ies\\/im-page-mobile","group":"private","included_methods":[],"excluded_methods":[]}],"oneunita.com":[{"pattern":"^https?:\\/\\/fp\\.us\\.oneunita\\.com\\/pipo_fe","group":"private","included_methods":[],"excluded_methods":[]},{"pattern":"^https?:\\/\\/fp\\.eu\\.oneunita\\.com\\/tt-web\\/wallet\\/withdraw\\/","group":"private","included_methods":[],"excluded_methods":[]}],"pipopay.com":[{"pattern":"^https?:\\/\\/checkout-fr\\.pipopay\\.com\\/","group":"private","included_methods":[],"excluded_methods":[]},{"pattern":"^https?:\\/\\/checkout-eu\\.pipopay\\.com\\/pipo_fe","group":"private","included_methods":[],"excluded_methods":[]},{"pattern":"^https?:\\/\\/eu\\.pipopay\\.com\\/pipo_fe","group":"private","included_methods":[],"excluded_methods":[]},{"pattern":"^https?:\\/\\/onboarding\\.pipopay\\.com\\/tcm","group":"private","included_methods":[],"excluded_methods":[]}],"pipopayment.com":[{"pattern":"^https?:\\/\\/checkout-eu\\.pipopayment\\.com\\/pipo_fe","group":"private","included_methods":[],"excluded_methods":[]},{"pattern":"^https?:\\/\\/ eu\\.pipopayment\\.com\\/pipo_fe","group":"private","included_methods":[],"excluded_methods":[]}],"sgsnssdk.com":[{"pattern":"^https?:\\/\\/([0-9A-Za-z_\\-]+\\.)?f-p\\.sgsnssdk\\.com\\/","group":"private","included_methods":[],"excluded_methods":[]},{"pattern":"^https?:\\/\\/([0-9A-Za-z_\\-]+\\.)?sgsnssdk\\.com\\/","group":"private","included_methods":[],"excluded_methods":[]},{"pattern":"^https?:\\/\\/f-p\\.sgsnssdk\\.com\\/pipo_fe","group":"private","included_methods":[],"excluded_methods":[]}],"snapsolve.com":[{"pattern":"^https?:\\/\\/courses\\.snapsolve\\.com\\/","group":"private","included_methods":[],"excluded_methods":[]}],"soundon.global":[{"pattern":"^https?:\\/\\/promotion\\.soundon\\.global\\/m\\/","group":"public","included_methods":["x.open"],"excluded_methods":[]}],"tiktok.com":[{"pattern":"^https?:\\/\\/([0-9A-Za-z_\\-]+\\.)?tiktok\\.com\\/","group":"private","included_methods":[],"excluded_methods":[]},{"pattern":"^https?:\\/\\/www\\.in\\.tiktok\\.com\\/","group":"private","included_methods":[],"excluded_methods":[]},{"pattern":"^https?:\\/\\/www\\.tiktok\\.com\\/falcon\\/e_commerce\\/h5\\/","group":"private","included_methods":["fetch","openSingletonSchema"],"excluded_methods":[]},{"pattern":"^https?:\\/\\/survey\\.tiktok\\.com\\/q","group":"public","included_methods":["userInfo","apiParam"],"excluded_methods":[]},{"pattern":"^https?:\\/\\/business\\.tiktok\\.com\\/mobile\\/","group":"public","included_methods":["x.showModal"],"excluded_methods":[]},{"pattern":"^https?:\\/\\/activity\\.us\\.tiktok\\.com\\/magic\\/eco\\/","group":"public","included_methods":["fetch","sendLogV3","close","openSchema","share","x.getUserInfo","login","loginFromH5","x.getAppInfo","openHybrid","appInfo","openRecord","open_poi_map","userInfo","x.login","openAweme","calendarOperation","x.getAPIParams","downloadMedia","x.request"],"excluded_methods":[]},{"pattern":"^https?:\\/\\/ug-gppg\\.us\\.tiktok\\.com\\/pipo_fe\\/","group":"public","included_methods":["appInfo","userInfo","popTuringVerifyView","popGesture","openBrowser","openSchema","close","dpDisableGestureClose"],"excluded_methods":[]},{"pattern":"^https?:\\/\\/activity-va\\.tiktok\\.com\\/magic\\/eco\\/","group":"public","included_methods":["fetch","sendLogV3","close","openSchema","share","x.getUserInfo","login","loginFromH5","x.getAppInfo","openHybrid","appInfo","openRecord","open_poi_map","userInfo","x.login","openAweme","calendarOperation"],"excluded_methods":[]},{"pattern":"^https?:\\/\\/mint\\.us\\.tiktok\\.com\\/","group":"private","included_methods":[],"excluded_methods":[]},{"pattern":"^https?:\\/\\/www\\.tiktok\\.com\\/ug\\/ads\\/landing\\/product\\/","group":"public","included_methods":["x.open","openSchema","x.getUserInfo"],"excluded_methods":[]},{"pattern":"^https?:\\/\\/activity\\.tiktok\\.com\\/bricks\\/","group":"private","included_methods":[],"excluded_methods":[]},{"pattern":"^https?:\\/\\/t\\.tiktok\\.com\\/bricks\\/","group":"private","included_methods":[],"excluded_methods":[]},{"pattern":"^https?:\\/\\/m\\.tiktok\\.com\\/bricks\\/","group":"private","included_methods":[],"excluded_methods":[]},{"pattern":"^https?:\\/\\/lp\\.tiktok\\.com\\/promote-static","group":"private","included_methods":[],"excluded_methods":[]},{"pattern":"^https?:\\/\\/lp\\.tiktok\\.com\\/promote-dynamic","group":"private","included_methods":[],"excluded_methods":[]},{"pattern":"^https?:\\/\\/lp\\.tiktok\\.com\\/promote-edu-static","group":"private","included_methods":[],"excluded_methods":[]}],"tiktokcdn-us.com":[{"pattern":"^https?:\\/\\/lf19-gecko-source\\.tiktokcdn-us\\.com\\/obj\\/byte-gurd-source-tx","group":"private","included_methods":[],"excluded_methods":[]},{"pattern":"^https?:\\/\\/lf19-gecko-source\\.tiktokcdn-us\\.com\\/obj\\/byte-gurd-source-tx\\/10\\/gecko\\/resource\\/music_recommend_list\\/","group":"private","included_methods":[],"excluded_methods":[]},{"pattern":"^https?:\\/\\/lf19-geckocdn\\.tiktokcdn-us\\.com\\/obj\\/byte-gurd-source-tx\\/musically\\/fe\\/promote\\/tiktok_promote_lynx\\/","group":"private","included_methods":[],"excluded_methods":[]},{"pattern":"^https?:\\/\\/lf16-tiktok-common\\.tiktokcdn-us\\.com\\/obj\\/tiktok-web-common-tx","group":"private","included_methods":[],"excluded_methods":[]},{"pattern":"^https?:\\/\\/lf16-gecko-source\\.tiktokcdn-us\\.com\\/obj\\/byte-gurd-source-tx\\/10\\/gecko\\/resource\\/discovery_favorite_music_collection\\/pages\\/music_collection\\/","group":"private","included_methods":[],"excluded_methods":[]},{"pattern":"^https?:\\/\\/lf16-geckocdn\\.tiktokcdn-us\\.com\\/","group":"private","included_methods":[],"excluded_methods":[]},{"pattern":"^https?:\\/\\/v25\\.tiktokcdn-us\\.com\\/","group":"private","included_methods":[],"excluded_methods":[]},{"pattern":"^https?:\\/\\/v19\\.tiktokcdn-us\\.com\\/","group":"private","included_methods":[],"excluded_methods":[]},{"pattern":"^https?:\\/\\/v16m-default\\.tiktokcdn-us\\.com\\/","group":"private","included_methods":[],"excluded_methods":[]},{"pattern":"^https?:\\/\\/v16m\\.tiktokcdn-us\\.com\\/","group":"private","included_methods":[],"excluded_methods":[]},{"pattern":"^https?:\\/\\/lf16-promote\\.tiktokcdn-us\\.com\\/","group":"private","included_methods":[],"excluded_methods":[]},{"pattern":"^https?:\\/\\/sf19\\.tiktokcdn-us\\.com\\/","group":"private","included_methods":[],"excluded_methods":[]},{"pattern":"^https?:\\/\\/lf19-smb-growth\\.tiktokcdn-us\\.com\\/","group":"private","included_methods":[],"excluded_methods":[]},{"pattern":"^https?:\\/\\/v39\\.tiktokcdn-us\\.com\\/","group":"private","included_methods":[],"excluded_methods":[]},{"pattern":"^https?:\\/\\/lf16-gecko-source\\.tiktokcdn-us\\.com\\/obj\\/byte-gurd-source-tx\\/10\\/gecko\\/resource\\/music_artist_ticket\\/pages\\/","group":"private","included_methods":[],"excluded_methods":[]},{"pattern":"^https?:\\/\\/lf19-gecko-source\\.tiktokcdn-us\\.com\\/obj\\/byte-gurd-source-tx\\/10\\/gecko\\/resource\\/music_artist_ticket\\/pages\\/","group":"private","included_methods":[],"excluded_methods":[]},{"pattern":"^https?:\\/\\/lf16-tiktok-web\\.tiktokcdn-us\\.com\\/obj\\/tiktok-web-tx\\/music","group":"private","included_methods":[],"excluded_methods":[]},{"pattern":"^https?:\\/\\/lf16-csp-oec\\.tiktokcdn-us\\.com\\/obj\\/csp-oec-tx\\/ies\\/fe_csp_contact_platform\\/","group":"private","included_methods":[],"excluded_methods":[]},{"pattern":"^https?:\\/\\/lf16-csp-oec\\.tiktokcdn-us\\.com\\/obj\\/csp-oec-tx\\/ies\\/im-page-mobile","group":"private","included_methods":[],"excluded_methods":[]},{"pattern":"^https?:\\/\\/lf16-gecko-source\\.tiktokcdn-us\\.com\\/obj\\/byte-gurd-source-tx\\/10\\/gecko\\/resource\\/fe_capcut_anchor_loading_lynx\\/","group":"private","included_methods":[],"excluded_methods":[]},{"pattern":"^https?:\\/\\/lf77-gecko-source\\.tiktokcdn-us\\.com\\/obj\\/byte-gurd-source-tx\\/10\\/gecko\\/resource\\/fe_capcut_anchor_loading_lynx\\/","group":"private","included_methods":[],"excluded_methods":[]}],"tiktokcdn.com":[{"pattern":"^https?:\\/\\/s16a\\.tiktokcdn\\.com\\/","group":"private","included_methods":[],"excluded_methods":[]},{"pattern":"^https?:\\/\\/sf16-va\\.tiktokcdn\\.com\\/obj\\/eden-va2\\/skseh7upsnuvkps\\/","group":"private","included_methods":[],"excluded_methods":[]},{"pattern":"^https?:\\/\\/lf19-gecko-source\\.tiktokcdn\\.com\\/obj\\/byte-gurd-source-sg","group":"private","included_methods":[],"excluded_methods":[]},{"pattern":"^https?:\\/\\/lf16-gecko-source\\.tiktokcdn\\.com\\/obj\\/byte-gurd-source-sg","group":"private","included_methods":[],"excluded_methods":[]},{"pattern":"^https?:\\/\\/lf16-gecko-source\\.tiktokcdn\\.com\\/","group":"private","included_methods":[],"excluded_methods":[]},{"pattern":"^https?:\\/\\/lf77-gecko-source\\.tiktokcdn\\.com\\/obj\\/byte-gurd-source-sg\\/10\\/gecko\\/resource\\/tiktok_promote_pia\\/","group":"private","included_methods":[],"excluded_methods":[]},{"pattern":"^https?:\\/\\/lf77-gecko-source\\.tiktokcdn\\.com\\/obj\\/byte-gurd-source-sg\\/10\\/gecko\\/resource\\/tiktok_ba_pia\\/","group":"private","included_methods":[],"excluded_methods":[]},{"pattern":"^https?:\\/\\/lf77-gecko-source\\.tiktokcdn\\.com\\/obj\\/gecko-internal-loose-sg","group":"private","included_methods":[],"excluded_methods":[]},{"pattern":"^https?:\\/\\/lf16-gecko-source\\.tiktokcdn\\.com\\/obj\\/byte-gurd-source-sg\\/10\\/gecko\\/resource\\/music_recommend_list\\/","group":"private","included_methods":[],"excluded_methods":[]},{"pattern":"^https?:\\/\\/lf19-gecko-source\\.tiktokcdn\\.com\\/obj\\/byte-gurd-source-sg\\/10\\/gecko\\/resource\\/revenue_client_audience_ranking_lynx\\/","group":"private","included_methods":[],"excluded_methods":[]},{"pattern":"^https?:\\/\\/lf19-gecko-source\\.tiktokcdn\\.com\\/obj\\/byte-gurd-source-tx\\/","group":"private","included_methods":[],"excluded_methods":[]},{"pattern":"^https?:\\/\\/lf16-gecko-source\\.tiktokcdn\\.com\\/obj\\/byte-gurd-source-sg\\/tiktok\\/fe\\/live\\/tiktok_live_ecommerce_brand_discount\\/pages\\/","group":"private","included_methods":[],"excluded_methods":[]},{"pattern":"^https?:\\/\\/lf77-gecko-source\\.tiktokcdn\\.com\\/obj\\/byte-gurd-source-sg\\/musically\\/music\\/soundon\\/lynx_music_card\\/pages\\/card\\/","group":"private","included_methods":[],"excluded_methods":[]},{"pattern":"^https?:\\/\\/lf16-gecko-source\\.tiktokcdn\\.com\\/obj\\/byte-gurd-source-sg\\/tiktok\\/fe\\/live\\/fe_tiktok_ecommerce_search_vertical\\/prod\\/all\\/fe_tiktok_ecommerce_search_vertical\\/vertical-shopping\\/","group":"private","included_methods":[],"excluded_methods":[]},{"pattern":"^https?:\\/\\/lf77-gecko-source\\.tiktokcdn\\.com\\/obj\\/byte-gurd-source-sg\\/tiktok\\/fe\\/live\\/fe_tiktok_ecommerce_search_vertical\\/prod\\/all\\/fe_tiktok_ecommerce_search_vertical\\/vertical-shopping\\/","group":"private","included_methods":[],"excluded_methods":[]},{"pattern":"^https?:\\/\\/lf77-gecko-source\\.tiktokcdn\\.com\\/obj\\/byte-gurd-source-sg\\/10\\/gecko\\/resource\\/tiktok_blue_v_verification","group":"private","included_methods":[],"excluded_methods":[]},{"pattern":"^https?:\\/\\/lf16-gecko-source\\.tiktokcdn\\.com\\/obj\\/byte-gurd-source-sg\\/musically\\/fe\\/live\\/tiktok_live_revenue_privilege\\/pages\\/","group":"private","included_methods":[],"excluded_methods":[]},{"pattern":"^https?:\\/\\/lf16-gecko-source\\.tiktokcdn\\.com\\/obj\\/byte-gurd-source-sg\\/tiktok\\/fe\\/promote\\/tiktok_promote_lynx\\/","group":"private","included_methods":[],"excluded_methods":[]},{"pattern":"^https?:\\/\\/lf16-gecko-source\\.tiktokcdn\\.com\\/obj\\/byte-gurd-source-sg\\/musically\\/fe\\/promote\\/tiktok_promote_lynx\\/","group":"private","included_methods":[],"excluded_methods":[]},{"pattern":"^https?:\\/\\/lf77-gecko-source\\.tiktokcdn\\.com\\/obj\\/byte-gurd-source-sg\\/","group":"private","included_methods":[],"excluded_methods":[]},{"pattern":"^https?:\\/\\/lf16-gecko-source\\.tiktokcdn\\.com\\/obj\\/byte-gurd-source-sg\\/tiktok\\/fe\\/live\\/tiktok_live_ecommerce_ug_delivery_page\\/pages\\/","group":"private","included_methods":[],"excluded_methods":[]},{"pattern":"^https?:\\/\\/lf16-gecko-source\\.tiktokcdn\\.com\\/obj\\/byte-gurd-source-sg\\/tiktok\\/fe\\/live\\/tiktok_live_ecommerce_coupon_center\\/pages\\/","group":"private","included_methods":[],"excluded_methods":[]},{"pattern":"^https?:\\/\\/lf77-gecko-source\\.tiktokcdn\\.com\\/obj\\/byte-gurd-source-sg\\/10\\/gecko\\/resource\\/discovery_favorite_music_collection\\/pages\\/music_collection\\/","group":"private","included_methods":[],"excluded_methods":[]},{"pattern":"^https?:\\/\\/lf16-gecko-source\\.tiktokcdn\\.com\\/obj\\/byte-gurd-source-sg\\/tiktok\\/fe\\/live\\/tiktok_live_revenue_golden_envelope","group":"private","included_methods":[],"excluded_methods":[]},{"pattern":"^https?:\\/\\/lf19-geckocdn-sg\\.tiktokcdn\\.com\\/obj\\/byte-gurd-source-sg\\/tiktok\\/fe\\/live\\/fe_tiktok_ecommerce_live_room_shop_bag\\/pages\\/","group":"private","included_methods":[],"excluded_methods":[]},{"pattern":"^https?:\\/\\/lf-main-gecko-source\\.tiktokcdn\\.com\\/obj\\/byte-gurd-source-sg\\/8\\/gecko\\/resource\\/music_playlist_synergy\\/creation\\/","group":"private","included_methods":[],"excluded_methods":[]},{"pattern":"^https?:\\/\\/lf-main-gecko-source\\.tiktokcdn\\.com\\/obj\\/byte-gurd-source-sg\\/10\\/gecko\\/resource\\/music_playlist_synergy\\/creation\\/","group":"private","included_methods":[],"excluded_methods":[]},{"pattern":"^https?:\\/\\/lf-main-gecko-source\\.tiktokcdn\\.com\\/obj\\/byte-gurd-source-sg\\/8\\/gecko\\/resource\\/music_playlist_synergy\\/consumer\\/","group":"private","included_methods":[],"excluded_methods":[]},{"pattern":"^https?:\\/\\/lf-main-gecko-source\\.tiktokcdn\\.com\\/obj\\/byte-gurd-source-sg\\/10\\/gecko\\/resource\\/music_playlist_synergy\\/consumer\\/","group":"private","included_methods":[],"excluded_methods":[]},{"pattern":"^https?:\\/\\/lf77-gecko-source\\.tiktokcdn\\.com\\/obj\\/byte-gurd-source-tx\\/","group":"private","included_methods":[],"excluded_methods":[]},{"pattern":"^https?:\\/\\/lf77-gecko-source\\.tiktokcdn\\.com\\/obj\\/byte-gurd-source-sg\\/tiktok\\/fe\\/live\\/fe_tiktok_ecommerce_transaction_sku_panel\\/pages","group":"private","included_methods":[],"excluded_methods":[]},{"pattern":"^https?:\\/\\/lf-main-gecko-source\\.tiktokcdn\\.com\\/obj\\/byte-gurd-source-sg\\/","group":"private","included_methods":[],"excluded_methods":[]},{"pattern":"^https?:\\/\\/lf16-gecko-source\\.tiktokcdn\\.com\\/obj\\/byte-gurd-source-sg\\/tiktok\\/fe\\/live\\/tiktok_live_ecommerce_fashion_landing_page_ttf\\/pages\\/main-page\\/template\\.js","group":"private","included_methods":[],"excluded_methods":[]},{"pattern":"^https?:\\/\\/lf16-gecko-source\\.tiktokcdn\\.com\\/obj\\/byte-gurd-source-sg\\/tiktok\\/fe\\/live\\/tiktok_live_ecommerce_fashion_landing_page_ttf\\/pages\\/main-page\\/","group":"private","included_methods":[],"excluded_methods":[]},{"pattern":"^https?:\\/\\/lf19-gecko-source\\.tiktokcdn\\.com\\/","group":"private","included_methods":[],"excluded_methods":[]},{"pattern":"^https?:\\/\\/lf16-web\\.tiktokcdn\\.com\\/obj\\/ies-hotsoon-draft-sg\\/tiktok-live-faq\\/","group":"private","included_methods":[],"excluded_methods":[]},{"pattern":"^https?:\\/\\/lf16-web\\.tiktokcdn\\.com\\/obj\\/ies-hotsoon-draft-sg\\/tiktok-live\\/","group":"private","included_methods":[],"excluded_methods":[]},{"pattern":"^https?:\\/\\/lf-main-gecko-source\\.tiktokcdn\\.com\\/obj\\/gecko-internal-loose-sg\\/","group":"private","included_methods":[],"excluded_methods":[]},{"pattern":"^https?:\\/\\/p16\\.tiktokcdn\\.com\\/obj\\/tiktok-obj\\/","group":"private","included_methods":[],"excluded_methods":[]},{"pattern":"^https?:\\/\\/lf16-public-file\\.tiktokcdn\\.com\\/obj\\/tiktok-public-status-file-us\\/pia\\/app\\.html","group":"private","included_methods":[],"excluded_methods":[]},{"pattern":"^https?:\\/\\/sf16-va\\.tiktokcdn\\.com\\/obj\\/eden-va2\\/","group":"private","included_methods":[],"excluded_methods":[]},{"pattern":"^https?:\\/\\/sf16-sg\\.tiktokcdn\\.com\\/obj\\/eden-sg\\/","group":"private","included_methods":[],"excluded_methods":[]},{"pattern":"^https?:\\/\\/lf16-promote-us\\.tiktokcdn\\.com\\/","group":"private","included_methods":[],"excluded_methods":[]},{"pattern":"^https?:\\/\\/lf77-gecko-source\\.tiktokcdn\\.com\\/obj\\/byte-gurd-source-sg\\/tiktok\\/fe\\/live\\/tiktok_live_ecommerce_ttmall_universal_list_page\\/","group":"private","included_methods":[],"excluded_methods":[]},{"pattern":"^https?:\\/\\/lf77-gecko-source\\.tiktokcdn\\.com\\/obj\\/byte-gurd-source-sg\\/tiktok\\/fe\\/live\\/fe_tiktok_ecommerce_category_detail\\/category-detail","group":"private","included_methods":[],"excluded_methods":[]},{"pattern":"^https?:\\/\\/lf16-gecko-source\\.tiktokcdn\\.com\\/obj\\/byte-gurd-source-sg\\/tiktok\\/fe\\/live\\/tiktok_live_ecommerce_top_deals_ttf\\/pages\\/home\\/","group":"private","included_methods":[],"excluded_methods":[]},{"pattern":"^https?:\\/\\/lf-main-gecko-source\\.tiktokcdn\\.com\\/obj\\/byte-gurd-source-sg\\/resso\\/tiktok\\/full-song\\/resso-tt-lynx_full_song\\/","group":"private","included_methods":[],"excluded_methods":[]},{"pattern":"^https?:\\/\\/lf-main-gecko-source\\.tiktokcdn\\.com\\/obj\\/byte-gurd-source-sg\\/resso\\/tiktok\\/full-song\\/resso-tt-lynx_full_song\\/landing_page\\/","group":"private","included_methods":[],"excluded_methods":[]},{"pattern":"^https?:\\/\\/sf-static\\.tiktokcdn\\.com\\/obj\\/ies-fe-bee-alisg\\/bee_prod\\/biz_625\\/bee_prod_625_bee_publish_12132\\.html","group":"private","included_methods":[],"excluded_methods":[]},{"pattern":"^https?:\\/\\/lf77-gecko-source\\.tiktokcdn\\.com\\/obj\\/byte-gurd-source-sg\\/tiktok\\/fe\\/live\\/tiktok_live_ecommerce_ttmall_flash_sale\\/pages\\/main","group":"private","included_methods":[],"excluded_methods":[]},{"pattern":"^https?:\\/\\/lf16-gecko-source\\.tiktokcdn\\.com\\/obj\\/byte-gurd-source-sg\\/tiktok\\/fe\\/live\\/tiktok_live_ecommerce_landing_ranking_page\\/pages","group":"private","included_methods":[],"excluded_methods":[]},{"pattern":"^https?:\\/\\/lf77-gecko-source\\.tiktokcdn\\.com\\/obj\\/byte-gurd-source-sg\\/tiktok\\/fe\\/live\\/tiktok_live_ecommerce_ttmall_flash_sale\\/pages","group":"private","included_methods":[],"excluded_methods":[]},{"pattern":"^https?:\\/\\/lf19-gecko-source\\.tiktokcdn\\.com\\/obj\\/byte-gurd-source-sg\\/tiktok\\/fe\\/live\\/fe_tiktok_ecommerce_living_room_compaign\\/living_room_campaign\\/pages\\/2023-03-sale\\/index\\.html","group":"private","included_methods":[],"excluded_methods":[]},{"pattern":"^https?:\\/\\/lf16-gecko-source\\.tiktokcdn\\.com\\/obj\\/byte-gurd-source-sg\\/tiktok\\/fe\\/live\\/tiktok_live_ecommerce_deal_channel_page\\/pages\\/deal-channel-page\\/","group":"private","included_methods":[],"excluded_methods":[]},{"pattern":"^https?:\\/\\/lf-main-gecko-source\\.tiktokcdn\\.com\\/obj\\/byte-gurd-source-sg\\/10\\/gecko\\/resource\\/music_artist_ticket\\/pages\\/","group":"private","included_methods":[],"excluded_methods":[]},{"pattern":"^https?:\\/\\/lf77-gecko-source\\.tiktokcdn\\.com\\/obj\\/byte-gurd-source-sg\\/tiktok\\/fe\\/live\\/fe_tiktok_ecommerce_category_list\\/category-list","group":"private","included_methods":[],"excluded_methods":[]},{"pattern":"^https?:\\/\\/lf16-gecko-source\\.tiktokcdn\\.com\\/obj\\/byte-gurd-source-sg\\/tiktok\\/fe\\/live\\/tiktok_live_ecommerce_ttmall_v3\\/","group":"private","included_methods":[],"excluded_methods":[]},{"pattern":"^https?:\\/\\/lf-main-gecko-source\\.tiktokcdn\\.com\\/obj\\/tiktok-teko-source-gcp-aiso\\/","group":"private","included_methods":[],"excluded_methods":[]},{"pattern":"^https?:\\/\\/lf77-gecko-source\\.tiktokcdn\\.com\\/obj\\/byte-gurd-source-sg\\/10\\/gecko\\/resource\\/tiktok_ba_pia\\/business-page\\.html","group":"private","included_methods":[],"excluded_methods":[]},{"pattern":"^https?:\\/\\/lf-main-gecko-source\\.tiktokcdn\\.com\\/obj\\/tiktok-teko-source-euttp\\/","group":"private","included_methods":[],"excluded_methods":[]},{"pattern":"^https?:\\/\\/lf-main-gecko-source\\.tiktokcdn\\.com\\/obj\\/byte-gurd-source-sg\\/10\\/gecko\\/resource\\/tiktok_lingo_dictionary_panel\\/pages\\/study\\/components\\/caption-list\\/","group":"private","included_methods":[],"excluded_methods":[]},{"pattern":"^https?:\\/\\/lf-main-gecko-source\\.tiktokcdn\\.com\\/obj\\/tiktok-teko-source-sg\\/","group":"private","included_methods":[],"excluded_methods":[]},{"pattern":"^https?:\\/\\/lf-main-gecko-source\\.tiktokcdn\\.com\\/obj\\/tiktok-teko-source-sg\\/8\\/gecko\\/resource\\/game_center\\/","group":"private","included_methods":[],"excluded_methods":[]},{"pattern":"^https?:\\/\\/lf-main-gecko-source\\.tiktokcdn\\.com\\/obj\\/tiktok-teko-source-sg\\/10\\/gecko\\/resource\\/game_center\\/","group":"private","included_methods":[],"excluded_methods":[]},{"pattern":"^https?:\\/\\/lf-main-gecko-source\\.tiktokcdn\\.com\\/obj\\/tiktok-teko-source-euttp\\/8\\/gecko\\/resource\\/game_center\\/","group":"private","included_methods":[],"excluded_methods":[]},{"pattern":"^https?:\\/\\/lf-main-gecko-source\\.tiktokcdn\\.com\\/obj\\/tiktok-teko-source-euttp\\/10\\/gecko\\/resource\\/game_center\\/","group":"private","included_methods":[],"excluded_methods":[]},{"pattern":"^https?:\\/\\/lf16-gecko-source\\.tiktokcdn\\.com\\/obj\\/byte-gurd-source-sg\\/tiktok\\/fe\\/live\\/tiktok_live_ecommerce_free_shipping_page","group":"private","included_methods":[],"excluded_methods":[]},{"pattern":"^https?:\\/\\/lf16-gecko-source\\.tiktokcdn\\.com\\/obj\\/tiktok-teko-source-sg\\/","group":"private","included_methods":[],"excluded_methods":[]},{"pattern":"^https?:\\/\\/lf77-gecko-source\\.tiktokcdn\\.com\\/obj\\/tiktok-teko-source-sg\\/","group":"private","included_methods":[],"excluded_methods":[]},{"pattern":"^https?:\\/\\/lf19-gecko-source\\.tiktokcdn\\.com\\/obj\\/tiktok-teko-source-sg\\/","group":"private","included_methods":[],"excluded_methods":[]},{"pattern":"^https?:\\/\\/lf-main-gecko-source\\.tiktokcdn\\.com\\/obj\\/tiktok-teko-source-sg\\/tiktok\\/ug\\/incentive\\/incentive_lynx\\/task\\/","group":"private","included_methods":[],"excluded_methods":[]},{"pattern":"^https?:\\/\\/lf-main-gecko-source\\.tiktokcdn\\.com\\/obj\\/byte-gurd-source-sg\\/tiktok\\/fe\\/live\\/tiktok_live_interaction_gamepad_watch_live\\/pages\\/user_game_detail\\/","group":"private","included_methods":[],"excluded_methods":[]},{"pattern":"^https?:\\/\\/lf16-web\\.tiktokcdn\\.com\\/obj\\/mis-draft-sg","group":"private","included_methods":[],"excluded_methods":[]},{"pattern":"^https?:\\/\\/lf19-gecko-source\\.tiktokcdn\\.com\\/obj\\/byte-gurd-source-sg\\/tiktok\\/fe\\/live\\/fe_tiktok_ecommerce_shop_cart\\/all\\/pages\\/main\\/","group":"private","included_methods":[],"excluded_methods":[]}],"tiktokv-eu.com":[{"pattern":"^https?:\\/\\/survey\\.tiktokv-eu\\.com\\/q","group":"public","included_methods":["x.getUserInfo","x.getAppInfo","x.getAPIParams","userInfo","apiParam","appInfo"],"excluded_methods":[]}],"tiktokv-us.com":[{"pattern":"^https?:\\/\\/wj\\.tiktokv-us\\.com\\/q","group":"public","included_methods":["x.getUserInfo","x.getAppInfo","x.getAPIParams","userInfo","apiParam","appInfo"],"excluded_methods":[]}],"tiktokv.com":[{"pattern":"^https?:\\/\\/([0-9A-Za-z_\\-]+\\.)?tiktokv\\.com\\/","group":"private","included_methods":[],"excluded_methods":[]},{"pattern":"^https?:\\/\\/fp\\.us\\.tiktokv\\.com\\/","group":"private","included_methods":[],"excluded_methods":[]},{"pattern":"^https?:\\/\\/([0-9A-Za-z_\\-]+\\.)?us\\.tiktokv\\.com\\/odetain_back\\/v2\\/index","group":"private","included_methods":[],"excluded_methods":[]},{"pattern":"^https?:\\/\\/([0-9A-Za-z_\\-]+\\.)?us\\.tiktokv\\.com\\/mpay","group":"private","included_methods":[],"excluded_methods":[]},{"pattern":"^https?:\\/\\/([0-9A-Za-z_\\-]+\\.)?us\\.tiktokv\\.com\\/passport","group":"private","included_methods":[],"excluded_methods":[]},{"pattern":"^https?:\\/\\/([0-9A-Za-z_\\-]+\\.)?us\\.tiktokv\\.com\\/ucenter_web","group":"private","included_methods":[],"excluded_methods":[]},{"pattern":"^https?:\\/\\/([0-9A-Za-z_\\-]+\\.)?us\\.tiktokv\\.com\\/falcon","group":"public","included_methods":["x.getSettings","share","openLiveRoom","openRecord"],"excluded_methods":[]},{"pattern":"^https?:\\/\\/([0-9A-Za-z_\\-]+\\.)?us\\.tiktokv\\.com\\/game_center\\/station","group":"public","included_methods":["sendLogV3","setTitle","download_click","x.login","fetch","x.getSettings","isAppInstall","openSchema","x.open","x.showToast","showToast","copyToClipboard","copyTextToPasteBoard","apiParam","x.getAPIParams"],"excluded_methods":[]},{"pattern":"^https?:\\/\\/gecko16-platform-useast5\\.us\\.tiktokv\\.com\\/obj\\/byte-gurd-source-sg","group":"public","included_methods":[],"excluded_methods":[]},{"pattern":"^https?:\\/\\/ad-instantpage\\.us\\.tiktokv\\.com\\/instant_page\\/client\\/page","group":"private","included_methods":[],"excluded_methods":[]},{"pattern":"^https?:\\/\\/oec\\.us\\.tiktokv\\.com\\/","group":"private","included_methods":[],"excluded_methods":[]},{"pattern":"^https?:\\/\\/campaign-sg\\.tiktokv\\.com\\/falcon\\/fusion_revive\\/","group":"private","included_methods":[],"excluded_methods":[]},{"pattern":"^https?:\\/\\/inapp\\.us\\.tiktokv\\.com\\/falcon\\/e_commerce\\/h5\\/","group":"private","included_methods":[],"excluded_methods":[]},{"pattern":"^https?:\\/\\/campaign\\.us\\.tiktokv\\.com\\/falcon\\/2022_12_eoy\\/","group":"private","included_methods":[],"excluded_methods":[]},{"pattern":"^https?:\\/\\/music\\.tiktokv\\.com\\/brits2023\\/index\\.html","group":"private","included_methods":[],"excluded_methods":[]},{"pattern":"^https?:\\/\\/api\\.us\\.tiktokv\\.com\\/game_center\\/","group":"private","included_methods":[],"excluded_methods":[]},{"pattern":"^https?:\\/\\/([0-9A-Za-z_\\-]+\\.)?us\\.tiktokv\\.com\\/odetain_back_fe\\/v2\\/index","group":"private","included_methods":[],"excluded_methods":[]},{"pattern":"^https?:\\/\\/inapp\\.us\\.tiktokv\\.com\\/inapp\\/reauth\\/","group":"private","included_methods":[],"excluded_methods":[]},{"pattern":"^https?:\\/\\/campaign15-normal-useast5\\.us\\.tiktokv\\.com\\/falcon\\/","group":"private","included_methods":[],"excluded_methods":[]},{"pattern":"^https?:\\/\\/campaign16-normal-useast5\\.us\\.tiktokv\\.com\\/falcon\\/","group":"private","included_methods":[],"excluded_methods":[]},{"pattern":"^https?:\\/\\/campaign19-normal-useast5\\.us\\.tiktokv\\.com\\/falcon\\/","group":"private","included_methods":[],"excluded_methods":[]},{"pattern":"^https?:\\/\\/campaign22-normal-useast5\\.us\\.tiktokv\\.com\\/falcon\\/","group":"private","included_methods":[],"excluded_methods":[]},{"pattern":"^https?:\\/\\/campaign\\.us\\.tiktokv\\.com\\/falcon\\/2023_03_reach_for_stars","group":"private","included_methods":[],"excluded_methods":[]},{"pattern":"^https?:\\/\\/inapp\\.us\\.tiktokv\\.com\\/","group":"private","included_methods":[],"excluded_methods":[]},{"pattern":"^https?:\\/\\/inapp-ttp2\\.us\\.tiktokv\\.com\\/web-inapp\\/","group":"private","included_methods":[],"excluded_methods":[]},{"pattern":"^https?:\\/\\/campaign\\.us\\.tiktokv\\.com\\/falcon\\/2023_04_eid\\/pages\\/home\\/index\\.html","group":"private","included_methods":[],"excluded_methods":[]},{"pattern":"^https?:\\/\\/campaign\\.us\\.tiktokv\\.com\\/falcon\\/fusion_revive\\/pages\\/home\\/index\\.html","group":"private","included_methods":[],"excluded_methods":[]},{"pattern":"^https?:\\/\\/campaign\\.us\\.tiktokv\\.com\\/falcon\\/2023_04_lantern\\/pages\\/home\\/index\\.html","group":"private","included_methods":[],"excluded_methods":[]},{"pattern":"^https?:\\/\\/campaign\\.us\\.tiktokv\\.com\\/falcon\\/2023_03_reach_for_stars\\/pages\\/home\\/index\\.html","group":"private","included_methods":[],"excluded_methods":[]},{"pattern":"^https?:\\/\\/campaign\\.us\\.tiktokv\\.com\\/falcon\\/2023_05_mic\\/pages\\/home\\/index\\.html","group":"private","included_methods":[],"excluded_methods":[]},{"pattern":"^https?:\\/\\/campaign-i18n\\.tiktokv\\.com\\/falcon\\/fusion_revive\\/pages\\/home\\/index\\.html","group":"private","included_methods":[],"excluded_methods":[]},{"pattern":"^https?:\\/\\/music\\.tiktokv\\.com\\/m-c","group":"private","included_methods":[],"excluded_methods":[]},{"pattern":"^https?:\\/\\/campaign\\.us\\.tiktokv\\.com\\/falcon\\/","group":"private","included_methods":[],"excluded_methods":[]},{"pattern":"^https?:\\/\\/campaign-sg\\.tiktokv\\.com\\/falcon\\/","group":"private","included_methods":[],"excluded_methods":[]},{"pattern":"^https?:\\/\\/campaign-va\\.tiktokv\\.com\\/falcon\\/","group":"private","included_methods":[],"excluded_methods":[]},{"pattern":"^https?:\\/\\/campaign-i18n\\.tiktokv\\.com\\/falcon\\/2023_04_fan_club\\/pages\\/home\\/index\\.html","group":"private","included_methods":[],"excluded_methods":[]},{"pattern":"^https?:\\/\\/inapp\\.tiktokv\\.com\\/falcon\\/","group":"private","included_methods":[],"excluded_methods":[]},{"pattern":"^https?:\\/\\/sami\\.tiktokv\\.com\\/vop_h5","group":"private","included_methods":[],"excluded_methods":[]},{"pattern":"^https?:\\/\\/campaign-i18n\\.tiktokv\\.com\\/falcon\\/","group":"private","included_methods":[],"excluded_methods":[]},{"pattern":"^https?:\\/\\/music-ttp2\\.us\\.tiktokv\\.com\\/promo","group":"private","included_methods":[],"excluded_methods":[]},{"pattern":"^https?:\\/\\/music\\.tiktokv\\.com\\/promo","group":"private","included_methods":[],"excluded_methods":[]}],"ttlstatic.com":[{"pattern":"^https?:\\/\\/lf16-campaign\\.ttlstatic\\.com\\/obj\\/ttlive-campaign-us\\/oec_reverse_tool_sdk\\/","group":"private","included_methods":[],"excluded_methods":[]}],"ttwstatic.com":[{"pattern":"^https?:\\/\\/lf16-tiktok-web\\.ttwstatic\\.com\\/obj\\/tiktok-web-us\\/h5_music\\/music_campaign_h5\\/","group":"private","included_methods":[],"excluded_methods":[]},{"pattern":"^https?:\\/\\/lf16-tiktok-web\\.ttwstatic\\.com\\/obj\\/tiktok-web-us\\/music_fe","group":"private","included_methods":[],"excluded_methods":[]},{"pattern":"^https?:\\/\\/lf16-tiktok-web\\.ttwstatic\\.com\\/obj\\/tiktok-web-us\\/music","group":"private","included_methods":[],"excluded_methods":[]},{"pattern":"^https?:\\/\\/ lf16-tiktok-web\\.ttwstatic\\.com\\/obj\\/tiktok-web\\/music","group":"private","included_methods":[],"excluded_methods":[]}],"whizsolve.com":[{"pattern":"^https?:\\/\\/live\\.whizsolve\\.com\\/","group":"private","included_methods":[],"excluded_methods":[]}]},"package_version":195351029,"package_type":3,"channel":"_jsb_auth","channel_index":1,"overridden_methods":{"public":null,"protected":null,"private":null}},{"content":{"tiktokv.com":[{"pattern":"^https:\\/\\/webcast\\.tiktokv\\.com\\/","group":"private","included_methods":[],"excluded_methods":[]}]},"package_version":137410225,"package_type":3,"channel":"_jsb_auth.webcast","channel_index":2,"overridden_methods":{"public":null,"protected":null,"private":null}}]},"universal_strategies":{}},"demotion":"","message":"success","status":0}